{
    "cosineSim": 0.7995659056901931,
    "jaccardWords": 0.048210701895415806,
    "jaccardBigrams": 0.011435161360634202,
    "tfIdfSim": 0.19904341263991376,
    "normEditDist": 0.052447011080746064,
    "lenDif": 2277.012,
    "lenRatio": 0.05614319896976948
}