{
    "cosineSim": 0.7863197961161214,
    "jaccardWords": 0.03854772616381838,
    "jaccardBigrams": 0.009327809474541328,
    "tfIdfSim": 0.18432865853499883,
    "normEditDist": 0.03983250328922245,
    "lenDif": 2422.494623655914,
    "lenRatio": 0.04186175673063071
}