{
    "cosineSim": 0.7919469343423844,
    "jaccardWords": 0.035230973085365005,
    "jaccardBigrams": 0.007854583366040075,
    "tfIdfSim": 0.19162804064123354,
    "normEditDist": 0.03616429257168752,
    "lenDif": 2736.466,
    "lenRatio": 0.03778615810327395
}